place,query_id,base_name,modifier,query,exact_query,polarity,purpose,origin,source_category_target,query_dimension_targets,task_run_id,plan_id,place_identity_sha256,planned_iteration_round,iteration_round,iteration_mode,language,retrieval_entry,plan_binding_sha256,audit_snapshot_sha256,target_confidence,gap_target,dimension_confidence_before_round,normalized_query_intent,query_definition_sha256,plan_row_sha256
北京路历史文化街区,Q001-b8e3d1cc70006201,北京路历史文化街区,,北京路历史文化街区,"""北京路历史文化街区""",neutral,对象发现与消歧,place_or_alias,mixed,"[""历史文化感知"",""保护活化感知""]",RUN-a31a13821d1641a1996c8c85ca1a2eb7,PLAN-b8e3d1cc70006201b7270b6d,49a31fc636b892d3400f722c768ad32d39498d20ef08dd1b884069eeb98c07c3,0,0,,zh,,b8e3d1cc70006201b7270b6d627d124f519c940b374bde1270dad4c3bb0fafff,,,,,"{""category"":""mixed"",""iteration_mode"":"""",""language"":""zh"",""place"":""北京路历史文化街区"",""platform"":"""",""polarity"":""neutral"",""retrieval_entry"":"""",""subject"":"""",""targets"":[""保护活化感知"",""历史文化感知""],""time_range"":"""",""tokens"":[""北京路历史文化街区""]}",b962109f0133e1787a27b9a99293be18edb63c89275a8d6b5dc94dbebaeb1713,d5954f303461468bb53ae9a341c1150b32d52ace98fa0d714825a793b460d5fe
北京路历史文化街区,Q002-b8e3d1cc70006201,北京路历史文化街区,评价,北京路历史文化街区 评价,"""北京路历史文化街区"" 评价",neutral,普通评价,place_or_alias,mixed,"[""场所氛围体验"",""承载治理体验""]",RUN-a31a13821d1641a1996c8c85ca1a2eb7,PLAN-b8e3d1cc70006201b7270b6d,49a31fc636b892d3400f722c768ad32d39498d20ef08dd1b884069eeb98c07c3,0,0,,zh,,b8e3d1cc70006201b7270b6d627d124f519c940b374bde1270dad4c3bb0fafff,,,,,"{""category"":""mixed"",""iteration_mode"":"""",""language"":""zh"",""place"":""北京路历史文化街区"",""platform"":"""",""polarity"":""neutral"",""retrieval_entry"":"""",""subject"":"""",""targets"":[""场所氛围体验"",""承载治理体验""],""time_range"":"""",""tokens"":[""北京路历史文化街区"",""评价""]}",1df417855de620db0a7c76c1008317d167dff6fed2bd476fe136da1b27f179ef,962601d7dd5f2dc075d1117a8b7e3c65864e8acac718b566614782e5363edb65
北京路历史文化街区,Q003-b8e3d1cc70006201,北京路历史文化街区,评论,北京路历史文化街区 评论,"""北京路历史文化街区"" 评论",neutral,普通评论,place_or_alias,mixed,"[""场所氛围体验"",""承载治理体验""]",RUN-a31a13821d1641a1996c8c85ca1a2eb7,PLAN-b8e3d1cc70006201b7270b6d,49a31fc636b892d3400f722c768ad32d39498d20ef08dd1b884069eeb98c07c3,0,0,,zh,,b8e3d1cc70006201b7270b6d627d124f519c940b374bde1270dad4c3bb0fafff,,,,,"{""category"":""mixed"",""iteration_mode"":"""",""language"":""zh"",""place"":""北京路历史文化街区"",""platform"":"""",""polarity"":""neutral"",""retrieval_entry"":"""",""subject"":"""",""targets"":[""场所氛围体验"",""承载治理体验""],""time_range"":"""",""tokens"":[""北京路历史文化街区"",""评论""]}",d4b34af28ef649d94abf2e63b707d437fb27a2ef93101938a7f046c1fcc0af9f,8355fcf5d9ddd338d3dc310e86163724d890b072f38c3e8af247270cea6b9ce7
北京路历史文化街区,Q004-b8e3d1cc70006201,北京路历史文化街区,真实体验,北京路历史文化街区 真实体验,"""北京路历史文化街区"" 真实体验",neutral,实际到访体验,place_or_alias,mixed,"[""文化实践体验"",""场所氛围体验"",""承载治理体验""]",RUN-a31a13821d1641a1996c8c85ca1a2eb7,PLAN-b8e3d1cc70006201b7270b6d,49a31fc636b892d3400f722c768ad32d39498d20ef08dd1b884069eeb98c07c3,0,0,,zh,,b8e3d1cc70006201b7270b6d627d124f519c940b374bde1270dad4c3bb0fafff,,,,,"{""category"":""mixed"",""iteration_mode"":"""",""language"":""zh"",""place"":""北京路历史文化街区"",""platform"":"""",""polarity"":""neutral"",""retrieval_entry"":"""",""subject"":"""",""targets"":[""场所氛围体验"",""承载治理体验"",""文化实践体验""],""time_range"":"""",""tokens"":[""北京路历史文化街区"",""真实体验""]}",ad2a439c08d55f45d04a629338940b4a7a8951fb5d5bd4c7ca282a52d435a710,a51d870ae7f58fb7e2f589541da2716b5256b6725c09a8f6aa4c49176c4244db
北京路历史文化街区,Q005-b8e3d1cc70006201,北京路历史文化街区,值得去吗,北京路历史文化街区 值得去吗,"""北京路历史文化街区"" 值得去吗",positive,推荐意愿,place_or_alias,mixed,"[""文化实践体验"",""场所氛围体验""]",RUN-a31a13821d1641a1996c8c85ca1a2eb7,PLAN-b8e3d1cc70006201b7270b6d,49a31fc636b892d3400f722c768ad32d39498d20ef08dd1b884069eeb98c07c3,0,0,,zh,,b8e3d1cc70006201b7270b6d627d124f519c940b374bde1270dad4c3bb0fafff,,,,,"{""category"":""mixed"",""iteration_mode"":"""",""language"":""zh"",""place"":""北京路历史文化街区"",""platform"":"""",""polarity"":""positive"",""retrieval_entry"":"""",""subject"":"""",""targets"":[""场所氛围体验"",""文化实践体验""],""time_range"":"""",""tokens"":[""北京路历史文化街区"",""值得去吗""]}",10fd9623220b44bc25fc4e9f214bf99b618c46b15541023b9fa7de093befe84e,7736e175277ccb4b3102f988acb36d88fba39e820163291b430200f5a606cd05
北京路历史文化街区,Q006-b8e3d1cc70006201,北京路历史文化街区,推荐,北京路历史文化街区 推荐,"""北京路历史文化街区"" 推荐",positive,正面与推荐,place_or_alias,mixed,"[""文化实践体验"",""场所氛围体验""]",RUN-a31a13821d1641a1996c8c85ca1a2eb7,PLAN-b8e3d1cc70006201b7270b6d,49a31fc636b892d3400f722c768ad32d39498d20ef08dd1b884069eeb98c07c3,0,0,,zh,,b8e3d1cc70006201b7270b6d627d124f519c940b374bde1270dad4c3bb0fafff,,,,,"{""category"":""mixed"",""iteration_mode"":"""",""language"":""zh"",""place"":""北京路历史文化街区"",""platform"":"""",""polarity"":""positive"",""retrieval_entry"":"""",""subject"":"""",""targets"":[""场所氛围体验"",""文化实践体验""],""time_range"":"""",""tokens"":[""北京路历史文化街区"",""推荐""]}",14586db98085d61278a01342dbbe4ea0f1711eee2618dca220662e166aefcc8d,8bb48bf7685ee06c3f5bc8018f3673f7030aeb01634578c57b2ebf7611e3133e
北京路历史文化街区,Q007-b8e3d1cc70006201,北京路历史文化街区,避雷,北京路历史文化街区 避雷,"""北京路历史文化街区"" 避雷",negative,负面检索,place_or_alias,mixed,"[""场所氛围体验"",""保护活化感知"",""承载治理体验""]",RUN-a31a13821d1641a1996c8c85ca1a2eb7,PLAN-b8e3d1cc70006201b7270b6d,49a31fc636b892d3400f722c768ad32d39498d20ef08dd1b884069eeb98c07c3,0,0,,zh,,b8e3d1cc70006201b7270b6d627d124f519c940b374bde1270dad4c3bb0fafff,,,,,"{""category"":""mixed"",""iteration_mode"":"""",""language"":""zh"",""place"":""北京路历史文化街区"",""platform"":"""",""polarity"":""negative"",""retrieval_entry"":"""",""subject"":"""",""targets"":[""保护活化感知"",""场所氛围体验"",""承载治理体验""],""time_range"":"""",""tokens"":[""北京路历史文化街区"",""避雷""]}",9f47ecad797033c3b49aa36c3034b3606428d94a114b9dd23010db2e275e9edf,a28fdd60cf9d7da7ac3b9d9798c6fc60bc6921f301cd36bec7aaa5d4cc4d521b
北京路历史文化街区,Q008-b8e3d1cc70006201,北京路历史文化街区,缺点,北京路历史文化街区 缺点,"""北京路历史文化街区"" 缺点",negative,负面问题,place_or_alias,mixed,"[""场所氛围体验"",""保护活化感知"",""承载治理体验""]",RUN-a31a13821d1641a1996c8c85ca1a2eb7,PLAN-b8e3d1cc70006201b7270b6d,49a31fc636b892d3400f722c768ad32d39498d20ef08dd1b884069eeb98c07c3,0,0,,zh,,b8e3d1cc70006201b7270b6d627d124f519c940b374bde1270dad4c3bb0fafff,,,,,"{""category"":""mixed"",""iteration_mode"":"""",""language"":""zh"",""place"":""北京路历史文化街区"",""platform"":"""",""polarity"":""negative"",""retrieval_entry"":"""",""subject"":"""",""targets"":[""保护活化感知"",""场所氛围体验"",""承载治理体验""],""time_range"":"""",""tokens"":[""北京路历史文化街区"",""缺点""]}",179916219218d8e13accef1f2878360828e81a20caadb8a6d4c3aab6f95422af,b389287430d5ad8a9b319eee408c19f3b0da55c5eb668d0d700f648cac03ca59
北京路历史文化街区,Q009-b8e3d1cc70006201,北京路历史文化街区,历史故事 文化导览,北京路历史文化街区 历史故事 文化导览,"""北京路历史文化街区"" 历史故事 文化导览",neutral,历史文化感知,place_or_alias,mixed,"[""历史文化感知""]",RUN-a31a13821d1641a1996c8c85ca1a2eb7,PLAN-b8e3d1cc70006201b7270b6d,49a31fc636b892d3400f722c768ad32d39498d20ef08dd1b884069eeb98c07c3,0,0,,zh,,b8e3d1cc70006201b7270b6d627d124f519c940b374bde1270dad4c3bb0fafff,,,,,"{""category"":""mixed"",""iteration_mode"":"""",""language"":""zh"",""place"":""北京路历史文化街区"",""platform"":"""",""polarity"":""neutral"",""retrieval_entry"":"""",""subject"":"""",""targets"":[""历史文化感知""],""time_range"":"""",""tokens"":[""北京路历史文化街区"",""历史故事"",""文化导览""]}",31e80748ab78fca58eeaaaac2932e5c4860ab5e0cfbb9b5d4f5b5cd4694b96ee,07ba872a006d3a94f11b55ed09e71527c178947947b7c586a9e049049b5047a6
北京路历史文化街区,Q010-b8e3d1cc70006201,北京路历史文化街区,有遗产但看不懂,北京路历史文化街区 有遗产但看不懂,"""北京路历史文化街区"" 有遗产但看不懂",negative,历史文化感知负向,place_or_alias,mixed,"[""历史文化感知""]",RUN-a31a13821d1641a1996c8c85ca1a2eb7,PLAN-b8e3d1cc70006201b7270b6d,49a31fc636b892d3400f722c768ad32d39498d20ef08dd1b884069eeb98c07c3,0,0,,zh,,b8e3d1cc70006201b7270b6d627d124f519c940b374bde1270dad4c3bb0fafff,,,,,"{""category"":""mixed"",""iteration_mode"":"""",""language"":""zh"",""place"":""北京路历史文化街区"",""platform"":"""",""polarity"":""negative"",""retrieval_entry"":"""",""subject"":"""",""targets"":[""历史文化感知""],""time_range"":"""",""tokens"":[""北京路历史文化街区"",""有遗产但看不懂""]}",adb1e9152ce46d4a30e9b3181b3c743539b370386ba89847762106bfc1939d04,fb155af09fcdb54f09fa44a0e29e40db385d458cff70921f2c9e0cff98354661
北京路历史文化街区,Q011-b8e3d1cc70006201,北京路历史文化街区,地方特色 本土文化,北京路历史文化街区 地方特色 本土文化,"""北京路历史文化街区"" 地方特色 本土文化",neutral,在地文化特征,place_or_alias,mixed,"[""在地文化特征""]",RUN-a31a13821d1641a1996c8c85ca1a2eb7,PLAN-b8e3d1cc70006201b7270b6d,49a31fc636b892d3400f722c768ad32d39498d20ef08dd1b884069eeb98c07c3,0,0,,zh,,b8e3d1cc70006201b7270b6d627d124f519c940b374bde1270dad4c3bb0fafff,,,,,"{""category"":""mixed"",""iteration_mode"":"""",""language"":""zh"",""place"":""北京路历史文化街区"",""platform"":"""",""polarity"":""neutral"",""retrieval_entry"":"""",""subject"":"""",""targets"":[""在地文化特征""],""time_range"":"""",""tokens"":[""北京路历史文化街区"",""地方特色"",""本土文化""]}",bd63065fe0d648f643b0e3e7f24aa883699d74b4b328b44a6019f6957593653a,8df97c11d8e2ff881eda429af261bbfa849c7875412543efa7d4db7243cf47e9
北京路历史文化街区,Q012-b8e3d1cc70006201,北京路历史文化街区,老字号 地方语言 饮食习俗,北京路历史文化街区 老字号 地方语言 饮食习俗,"""北京路历史文化街区"" 老字号 地方语言 饮食习俗",neutral,在地文化特征,place_or_alias,mixed,"[""在地文化特征""]",RUN-a31a13821d1641a1996c8c85ca1a2eb7,PLAN-b8e3d1cc70006201b7270b6d,49a31fc636b892d3400f722c768ad32d39498d20ef08dd1b884069eeb98c07c3,0,0,,zh,,b8e3d1cc70006201b7270b6d627d124f519c940b374bde1270dad4c3bb0fafff,,,,,"{""category"":""mixed"",""iteration_mode"":"""",""language"":""zh"",""place"":""北京路历史文化街区"",""platform"":"""",""polarity"":""neutral"",""retrieval_entry"":"""",""subject"":"""",""targets"":[""在地文化特征""],""time_range"":"""",""tokens"":[""北京路历史文化街区"",""老字号"",""地方语言"",""饮食习俗""]}",c3bb2936b564a89ed8350c6f82bfd89984777024850e62f4af8eebf33f44e96c,0eb8f6ff390be5449c34ad1d571e24352004a309dc783968433bfa44f45bf7ad
北京路历史文化街区,Q013-b8e3d1cc70006201,北京路历史文化街区,千街一面 连锁化 网红化,北京路历史文化街区 千街一面 连锁化 网红化,"""北京路历史文化街区"" 千街一面 连锁化 网红化",negative,在地文化特征负向,place_or_alias,mixed,"[""在地文化特征""]",RUN-a31a13821d1641a1996c8c85ca1a2eb7,PLAN-b8e3d1cc70006201b7270b6d,49a31fc636b892d3400f722c768ad32d39498d20ef08dd1b884069eeb98c07c3,0,0,,zh,,b8e3d1cc70006201b7270b6d627d124f519c940b374bde1270dad4c3bb0fafff,,,,,"{""category"":""mixed"",""iteration_mode"":"""",""language"":""zh"",""place"":""北京路历史文化街区"",""platform"":"""",""polarity"":""negative"",""retrieval_entry"":"""",""subject"":"""",""targets"":[""在地文化特征""],""time_range"":"""",""tokens"":[""北京路历史文化街区"",""千街一面"",""连锁化"",""网红化""]}",ef19c9502a4fb16bea4116f16e3ce1550dab173d97b1790b4ae22f689ff1d929,ea64c1c6ce84b85d51869c842eeb2805d106b6acce1e4e9556c200f61f72ff70
北京路历史文化街区,Q014-b8e3d1cc70006201,北京路历史文化街区,原住民 街坊 日常生活,北京路历史文化街区 原住民 街坊 日常生活,"""北京路历史文化街区"" 原住民 街坊 日常生活",neutral,生活文化延续,place_or_alias,mixed,"[""生活文化延续""]",RUN-a31a13821d1641a1996c8c85ca1a2eb7,PLAN-b8e3d1cc70006201b7270b6d,49a31fc636b892d3400f722c768ad32d39498d20ef08dd1b884069eeb98c07c3,0,0,,zh,,b8e3d1cc70006201b7270b6d627d124f519c940b374bde1270dad4c3bb0fafff,,,,,"{""category"":""mixed"",""iteration_mode"":"""",""language"":""zh"",""place"":""北京路历史文化街区"",""platform"":"""",""polarity"":""neutral"",""retrieval_entry"":"""",""subject"":"""",""targets"":[""生活文化延续""],""time_range"":"""",""tokens"":[""北京路历史文化街区"",""原住民"",""街坊"",""日常生活""]}",4b3a690e7d801e99103764b16755e814461fe4aece4eb38bec897edeaa173f5b,ba6e53b4c834378985837b0e2e8be2632079562b04a16a8caa5b94623559a78e
北京路历史文化街区,Q015-b8e3d1cc70006201,北京路历史文化街区,传统业态 老店 持续经营,北京路历史文化街区 传统业态 老店 持续经营,"""北京路历史文化街区"" 传统业态 老店 持续经营",neutral,生活文化延续,place_or_alias,mixed,"[""生活文化延续""]",RUN-a31a13821d1641a1996c8c85ca1a2eb7,PLAN-b8e3d1cc70006201b7270b6d,49a31fc636b892d3400f722c768ad32d39498d20ef08dd1b884069eeb98c07c3,0,0,,zh,,b8e3d1cc70006201b7270b6d627d124f519c940b374bde1270dad4c3bb0fafff,,,,,"{""category"":""mixed"",""iteration_mode"":"""",""language"":""zh"",""place"":""北京路历史文化街区"",""platform"":"""",""polarity"":""neutral"",""retrieval_entry"":"""",""subject"":"""",""targets"":[""生活文化延续""],""time_range"":"""",""tokens"":[""北京路历史文化街区"",""传统业态"",""老店"",""持续经营""]}",cdafc6eb158a8daa73def1126ef18a053ff74049d6015e2b3ecee454ca21d2f6,dd5492de18c0e73c24630f2476f00d8f7ea4962310c6cd33171ea07c998ed40f
北京路历史文化街区,Q016-b8e3d1cc70006201,北京路历史文化街区,居民流失 生活空间旅游化,北京路历史文化街区 居民流失 生活空间旅游化,"""北京路历史文化街区"" 居民流失 生活空间旅游化",negative,生活文化延续负向,place_or_alias,mixed,"[""生活文化延续""]",RUN-a31a13821d1641a1996c8c85ca1a2eb7,PLAN-b8e3d1cc70006201b7270b6d,49a31fc636b892d3400f722c768ad32d39498d20ef08dd1b884069eeb98c07c3,0,0,,zh,,b8e3d1cc70006201b7270b6d627d124f519c940b374bde1270dad4c3bb0fafff,,,,,"{""category"":""mixed"",""iteration_mode"":"""",""language"":""zh"",""place"":""北京路历史文化街区"",""platform"":"""",""polarity"":""negative"",""retrieval_entry"":"""",""subject"":"""",""targets"":[""生活文化延续""],""time_range"":"""",""tokens"":[""北京路历史文化街区"",""居民流失"",""生活空间旅游化""]}",f5394f7cf0bf358956f5174bc2faf642b158f30fb331ed1fa7cedd78cfaa334e,cf39d917ecc3790bdd3953d9357013b701fa04e2a296abb27b5b63d9f072de49
北京路历史文化街区,Q017-b8e3d1cc70006201,北京路历史文化街区,非遗 技艺 参与 体验,北京路历史文化街区 非遗 技艺 参与 体验,"""北京路历史文化街区"" 非遗 技艺 参与 体验",neutral,文化实践体验,place_or_alias,mixed,"[""文化实践体验""]",RUN-a31a13821d1641a1996c8c85ca1a2eb7,PLAN-b8e3d1cc70006201b7270b6d,49a31fc636b892d3400f722c768ad32d39498d20ef08dd1b884069eeb98c07c3,0,0,,zh,,b8e3d1cc70006201b7270b6d627d124f519c940b374bde1270dad4c3bb0fafff,,,,,"{""category"":""mixed"",""iteration_mode"":"""",""language"":""zh"",""place"":""北京路历史文化街区"",""platform"":"""",""polarity"":""neutral"",""retrieval_entry"":"""",""subject"":"""",""targets"":[""文化实践体验""],""time_range"":"""",""tokens"":[""北京路历史文化街区"",""非遗"",""技艺"",""参与"",""体验""]}",f36ef31b1077ed189437fe821ea26b31b931e7459b3205263dde1a6bd9ceca22,afe8eb7eadb78a2abed9dab0ae2c2fcf6465f49f7563d56aa7e4bc191fa6b677
北京路历史文化街区,Q018-b8e3d1cc70006201,北京路历史文化街区,节庆 民俗 居民参与,北京路历史文化街区 节庆 民俗 居民参与,"""北京路历史文化街区"" 节庆 民俗 居民参与",neutral,文化实践体验,place_or_alias,mixed,"[""文化实践体验""]",RUN-a31a13821d1641a1996c8c85ca1a2eb7,PLAN-b8e3d1cc70006201b7270b6d,49a31fc636b892d3400f722c768ad32d39498d20ef08dd1b884069eeb98c07c3,0,0,,zh,,b8e3d1cc70006201b7270b6d627d124f519c940b374bde1270dad4c3bb0fafff,,,,,"{""category"":""mixed"",""iteration_mode"":"""",""language"":""zh"",""place"":""北京路历史文化街区"",""platform"":"""",""polarity"":""neutral"",""retrieval_entry"":"""",""subject"":"""",""targets"":[""文化实践体验""],""time_range"":"""",""tokens"":[""北京路历史文化街区"",""节庆"",""民俗"",""居民参与""]}",4edba40f98c2b574397295fe443325d8281bdb5c5e4e7bf7136d264c9d0b2e7a,8246f60886dcde394a96a3cca3339c86e55be098f20aaf8e5024bbed319c1d90
北京路历史文化街区,Q019-b8e3d1cc70006201,北京路历史文化街区,文化活动 表演化 形式化,北京路历史文化街区 文化活动 表演化 形式化,"""北京路历史文化街区"" 文化活动 表演化 形式化",negative,文化实践体验负向,place_or_alias,mixed,"[""文化实践体验""]",RUN-a31a13821d1641a1996c8c85ca1a2eb7,PLAN-b8e3d1cc70006201b7270b6d,49a31fc636b892d3400f722c768ad32d39498d20ef08dd1b884069eeb98c07c3,0,0,,zh,,b8e3d1cc70006201b7270b6d627d124f519c940b374bde1270dad4c3bb0fafff,,,,,"{""category"":""mixed"",""iteration_mode"":"""",""language"":""zh"",""place"":""北京路历史文化街区"",""platform"":"""",""polarity"":""negative"",""retrieval_entry"":"""",""subject"":"""",""targets"":[""文化实践体验""],""time_range"":"""",""tokens"":[""北京路历史文化街区"",""文化活动"",""表演化"",""形式化""]}",8f7c192a3b2e0e4bd2949bf77656a6eb3e5a3f73c885bf0a5ae421763b440358,39b1eb4ddbf1f42966269e2aaef0ccb1dd78035633c2daff4db5d4f0d38ec87f
北京路历史文化街区,Q020-b8e3d1cc70006201,北京路历史文化街区,历史氛围 地方感 场所感,北京路历史文化街区 历史氛围 地方感 场所感,"""北京路历史文化街区"" 历史氛围 地方感 场所感",neutral,场所氛围体验,place_or_alias,mixed,"[""场所氛围体验""]",RUN-a31a13821d1641a1996c8c85ca1a2eb7,PLAN-b8e3d1cc70006201b7270b6d,49a31fc636b892d3400f722c768ad32d39498d20ef08dd1b884069eeb98c07c3,0,0,,zh,,b8e3d1cc70006201b7270b6d627d124f519c940b374bde1270dad4c3bb0fafff,,,,,"{""category"":""mixed"",""iteration_mode"":"""",""language"":""zh"",""place"":""北京路历史文化街区"",""platform"":"""",""polarity"":""neutral"",""retrieval_entry"":"""",""subject"":"""",""targets"":[""场所氛围体验""],""time_range"":"""",""tokens"":[""北京路历史文化街区"",""历史氛围"",""地方感"",""场所感""]}",3bb359d86fc1ab6023306e221bf560e709d02829da1e778f945f17e2b165fc0a,1dd46733d3306121ea3e3e0df0287e55b6b89e32246e5247cbfc091fb7e433fe
北京路历史文化街区,Q021-b8e3d1cc70006201,北京路历史文化街区,烟火气 市井气息 夜间氛围,北京路历史文化街区 烟火气 市井气息 夜间氛围,"""北京路历史文化街区"" 烟火气 市井气息 夜间氛围",neutral,场所氛围体验,place_or_alias,mixed,"[""场所氛围体验""]",RUN-a31a13821d1641a1996c8c85ca1a2eb7,PLAN-b8e3d1cc70006201b7270b6d,49a31fc636b892d3400f722c768ad32d39498d20ef08dd1b884069eeb98c07c3,0,0,,zh,,b8e3d1cc70006201b7270b6d627d124f519c940b374bde1270dad4c3bb0fafff,,,,,"{""category"":""mixed"",""iteration_mode"":"""",""language"":""zh"",""place"":""北京路历史文化街区"",""platform"":"""",""polarity"":""neutral"",""retrieval_entry"":"""",""subject"":"""",""targets"":[""场所氛围体验""],""time_range"":"""",""tokens"":[""北京路历史文化街区"",""烟火气"",""市井气息"",""夜间氛围""]}",953ad53b4db53bd3313cc9ba4bdab5f96b8bb5348a3a5d2c97083cc3b6c05559,14683ae63b9875e4a5bd1ef0b98e764d05450017b7f0e398878d1169e16a212c
北京路历史文化街区,Q022-b8e3d1cc70006201,北京路历史文化街区,广告 噪声 破坏文化氛围,北京路历史文化街区 广告 噪声 破坏文化氛围,"""北京路历史文化街区"" 广告 噪声 破坏文化氛围",negative,场所氛围体验负向,place_or_alias,mixed,"[""场所氛围体验""]",RUN-a31a13821d1641a1996c8c85ca1a2eb7,PLAN-b8e3d1cc70006201b7270b6d,49a31fc636b892d3400f722c768ad32d39498d20ef08dd1b884069eeb98c07c3,0,0,,zh,,b8e3d1cc70006201b7270b6d627d124f519c940b374bde1270dad4c3bb0fafff,,,,,"{""category"":""mixed"",""iteration_mode"":"""",""language"":""zh"",""place"":""北京路历史文化街区"",""platform"":"""",""polarity"":""negative"",""retrieval_entry"":"""",""subject"":"""",""targets"":[""场所氛围体验""],""time_range"":"""",""tokens"":[""北京路历史文化街区"",""广告"",""噪声"",""破坏文化氛围""]}",d9de357a108051f096a216295f20d9f7732725f78612f79f9a72555604fd6357,e7652f4e4d27ce9d809f4bf461c5459865d9f5adc6ac0eff7882d418474e2aed
北京路历史文化街区,Q023-b8e3d1cc70006201,北京路历史文化街区,保护 修缮 修旧如旧,北京路历史文化街区 保护 修缮 修旧如旧,"""北京路历史文化街区"" 保护 修缮 修旧如旧",neutral,保护活化感知,place_or_alias,mixed,"[""保护活化感知""]",RUN-a31a13821d1641a1996c8c85ca1a2eb7,PLAN-b8e3d1cc70006201b7270b6d,49a31fc636b892d3400f722c768ad32d39498d20ef08dd1b884069eeb98c07c3,0,0,,zh,,b8e3d1cc70006201b7270b6d627d124f519c940b374bde1270dad4c3bb0fafff,,,,,"{""category"":""mixed"",""iteration_mode"":"""",""language"":""zh"",""place"":""北京路历史文化街区"",""platform"":"""",""polarity"":""neutral"",""retrieval_entry"":"""",""subject"":"""",""targets"":[""保护活化感知""],""time_range"":"""",""tokens"":[""北京路历史文化街区"",""保护"",""修缮"",""修旧如旧""]}",702638638753c1e03a4c74d441d0a3985478ec2a3eadf04493c672a3e7785bf1,74182a0aaa671e30403f9ca676c6420d4bf7a364e029956f518f314c6a857e6b
北京路历史文化街区,Q024-b8e3d1cc70006201,北京路历史文化街区,适应性利用 老建筑继续使用,北京路历史文化街区 适应性利用 老建筑继续使用,"""北京路历史文化街区"" 适应性利用 老建筑继续使用",neutral,保护活化感知,place_or_alias,mixed,"[""保护活化感知""]",RUN-a31a13821d1641a1996c8c85ca1a2eb7,PLAN-b8e3d1cc70006201b7270b6d,49a31fc636b892d3400f722c768ad32d39498d20ef08dd1b884069eeb98c07c3,0,0,,zh,,b8e3d1cc70006201b7270b6d627d124f519c940b374bde1270dad4c3bb0fafff,,,,,"{""category"":""mixed"",""iteration_mode"":"""",""language"":""zh"",""place"":""北京路历史文化街区"",""platform"":"""",""polarity"":""neutral"",""retrieval_entry"":"""",""subject"":"""",""targets"":[""保护活化感知""],""time_range"":"""",""tokens"":[""北京路历史文化街区"",""适应性利用"",""老建筑继续使用""]}",60725d63195c30de76afa39c5d1d5213735e38a3caff2d85f314acac2a61542e,e774ac738f70be5466ce5ab440c18cc6a058b9735313c67ea1440499f3a47744
北京路历史文化街区,Q025-b8e3d1cc70006201,北京路历史文化街区,过度翻新 仿古化 空心化,北京路历史文化街区 过度翻新 仿古化 空心化,"""北京路历史文化街区"" 过度翻新 仿古化 空心化",negative,保护活化感知负向,place_or_alias,mixed,"[""保护活化感知""]",RUN-a31a13821d1641a1996c8c85ca1a2eb7,PLAN-b8e3d1cc70006201b7270b6d,49a31fc636b892d3400f722c768ad32d39498d20ef08dd1b884069eeb98c07c3,0,0,,zh,,b8e3d1cc70006201b7270b6d627d124f519c940b374bde1270dad4c3bb0fafff,,,,,"{""category"":""mixed"",""iteration_mode"":"""",""language"":""zh"",""place"":""北京路历史文化街区"",""platform"":"""",""polarity"":""negative"",""retrieval_entry"":"""",""subject"":"""",""targets"":[""保护活化感知""],""time_range"":"""",""tokens"":[""北京路历史文化街区"",""过度翻新"",""仿古化"",""空心化""]}",23d065c59fc40982d18a6aa5e35da6625b1d7b493c456e81990ac81bb527a317,98be524e4d6c4cbddcbde8888618a75e6ec44c44edcbe9de9568ffd8e03516ef
北京路历史文化街区,Q026-b8e3d1cc70006201,北京路历史文化街区,拥挤 承载 旅游过载,北京路历史文化街区 拥挤 承载 旅游过载,"""北京路历史文化街区"" 拥挤 承载 旅游过载",negative,承载治理体验,place_or_alias,mixed,"[""承载治理体验""]",RUN-a31a13821d1641a1996c8c85ca1a2eb7,PLAN-b8e3d1cc70006201b7270b6d,49a31fc636b892d3400f722c768ad32d39498d20ef08dd1b884069eeb98c07c3,0,0,,zh,,b8e3d1cc70006201b7270b6d627d124f519c940b374bde1270dad4c3bb0fafff,,,,,"{""category"":""mixed"",""iteration_mode"":"""",""language"":""zh"",""place"":""北京路历史文化街区"",""platform"":"""",""polarity"":""negative"",""retrieval_entry"":"""",""subject"":"""",""targets"":[""承载治理体验""],""time_range"":"""",""tokens"":[""北京路历史文化街区"",""拥挤"",""承载"",""旅游过载""]}",d9cd777af95cb4aea10c1a777ca69ae67e35a79b0a795464c9c57fab6656be29,25d0ab5e594390c8d28cf23d6f18ae1dc4387500abe0e4c8488fc96bf02f34e8
北京路历史文化街区,Q027-b8e3d1cc70006201,北京路历史文化街区,客流分流 秩序 安全 环境治理,北京路历史文化街区 客流分流 秩序 安全 环境治理,"""北京路历史文化街区"" 客流分流 秩序 安全 环境治理",neutral,承载治理体验,place_or_alias,mixed,"[""承载治理体验""]",RUN-a31a13821d1641a1996c8c85ca1a2eb7,PLAN-b8e3d1cc70006201b7270b6d,49a31fc636b892d3400f722c768ad32d39498d20ef08dd1b884069eeb98c07c3,0,0,,zh,,b8e3d1cc70006201b7270b6d627d124f519c940b374bde1270dad4c3bb0fafff,,,,,"{""category"":""mixed"",""iteration_mode"":"""",""language"":""zh"",""place"":""北京路历史文化街区"",""platform"":"""",""polarity"":""neutral"",""retrieval_entry"":"""",""subject"":"""",""targets"":[""承载治理体验""],""time_range"":"""",""tokens"":[""北京路历史文化街区"",""客流分流"",""秩序"",""安全"",""环境治理""]}",c1961f171d23d0813b7bcb9a91a27a07cb34b9d9ccc8476287a0af53d84935a8,d18134c3523f32ca0dc2d1c716329a78e2b87d2412ac6e9c1e28a8e3315285d4
北京路历史文化街区,Q028-b8e3d1cc70006201,北京路历史文化街区,游客居民冲突 噪声 垃圾,北京路历史文化街区 游客居民冲突 噪声 垃圾,"""北京路历史文化街区"" 游客居民冲突 噪声 垃圾",negative,承载治理体验负向,place_or_alias,mixed,"[""承载治理体验""]",RUN-a31a13821d1641a1996c8c85ca1a2eb7,PLAN-b8e3d1cc70006201b7270b6d,49a31fc636b892d3400f722c768ad32d39498d20ef08dd1b884069eeb98c07c3,0,0,,zh,,b8e3d1cc70006201b7270b6d627d124f519c940b374bde1270dad4c3bb0fafff,,,,,"{""category"":""mixed"",""iteration_mode"":"""",""language"":""zh"",""place"":""北京路历史文化街区"",""platform"":"""",""polarity"":""negative"",""retrieval_entry"":"""",""subject"":"""",""targets"":[""承载治理体验""],""time_range"":"""",""tokens"":[""北京路历史文化街区"",""游客居民冲突"",""噪声"",""垃圾""]}",2bc51b3721b18604ef727fa935b7f8e7ed4c389d63e92296ff94cc41a17d1af9,268bc3e3559459122c6ab5bf804e6eebfb9a08ae8ddcd15de36a49772b104dba
北京路历史文化街区,Q029-b8e3d1cc70006201,北京路历史文化街区,居民 商户 游客 传承人,北京路历史文化街区 居民 商户 游客 传承人,"""北京路历史文化街区"" 居民 商户 游客 传承人",neutral,主体差异,place_or_alias,mixed,"[""在地文化特征"",""生活文化延续"",""文化实践体验""]",RUN-a31a13821d1641a1996c8c85ca1a2eb7,PLAN-b8e3d1cc70006201b7270b6d,49a31fc636b892d3400f722c768ad32d39498d20ef08dd1b884069eeb98c07c3,0,0,,zh,,b8e3d1cc70006201b7270b6d627d124f519c940b374bde1270dad4c3bb0fafff,,,,,"{""category"":""mixed"",""iteration_mode"":"""",""language"":""zh"",""place"":""北京路历史文化街区"",""platform"":"""",""polarity"":""neutral"",""retrieval_entry"":"""",""subject"":"""",""targets"":[""在地文化特征"",""文化实践体验"",""生活文化延续""],""time_range"":"""",""tokens"":[""北京路历史文化街区"",""居民"",""商户"",""游客"",""传承人""]}",0f8e56020f176811609b3ff8ae86372f0deb375429f0fdb964931e4129fb83b6,a8bbb2b8fcc09d52aa5e58b73270dedb337820b90377854d6e8a2728655bff87
北京路历史文化街区,Q030-b8e3d1cc70006201,北京路历史文化街区,工作日 周末 节假日 白天 夜间,北京路历史文化街区 工作日 周末 节假日 白天 夜间,"""北京路历史文化街区"" 工作日 周末 节假日 白天 夜间",neutral,时间与场景差异,place_or_alias,mixed,"[""生活文化延续"",""文化实践体验"",""场所氛围体验""]",RUN-a31a13821d1641a1996c8c85ca1a2eb7,PLAN-b8e3d1cc70006201b7270b6d,49a31fc636b892d3400f722c768ad32d39498d20ef08dd1b884069eeb98c07c3,0,0,,zh,,b8e3d1cc70006201b7270b6d627d124f519c940b374bde1270dad4c3bb0fafff,,,,,"{""category"":""mixed"",""iteration_mode"":"""",""language"":""zh"",""place"":""北京路历史文化街区"",""platform"":"""",""polarity"":""neutral"",""retrieval_entry"":"""",""subject"":"""",""targets"":[""场所氛围体验"",""文化实践体验"",""生活文化延续""],""time_range"":"""",""tokens"":[""北京路历史文化街区"",""工作日"",""周末"",""节假日"",""白天"",""夜间""]}",743e88dece54fb57a50e6141446695308ff58732d60b8838e0c0820c8cf888d8,777a22f10851a7fdaa90a5fd2ec5a877fe33f6f040237d0fe889e3ca7c6a5870
北京路历史文化街区,Q031-b8e3d1cc70006201,北京路历史文化街区,地方文化,北京路历史文化街区 地方文化,"""北京路历史文化街区"" 地方文化",neutral,地方文化关键词,place_or_alias,mixed,"[""历史文化感知"",""在地文化特征""]",RUN-a31a13821d1641a1996c8c85ca1a2eb7,PLAN-b8e3d1cc70006201b7270b6d,49a31fc636b892d3400f722c768ad32d39498d20ef08dd1b884069eeb98c07c3,0,0,,zh,,b8e3d1cc70006201b7270b6d627d124f519c940b374bde1270dad4c3bb0fafff,,,,,"{""category"":""mixed"",""iteration_mode"":"""",""language"":""zh"",""place"":""北京路历史文化街区"",""platform"":"""",""polarity"":""neutral"",""retrieval_entry"":"""",""subject"":"""",""targets"":[""历史文化感知"",""在地文化特征""],""time_range"":"""",""tokens"":[""北京路历史文化街区"",""地方文化""]}",8ebaff5f4c8e097150fc40a0be43b17c5a63af8be9aea2a06a6525b111e9b28d,534c087233d4aff30fbc1859cd83b2e1e60c5590219add6fa97e56ef685b008c
北京路历史文化街区,Q032-b8e3d1cc70006201,北京路历史文化街区,改造前后,北京路历史文化街区 改造前后,"""北京路历史文化街区"" 改造前后",neutral,时间变化,place_or_alias,mixed,"[""生活文化延续"",""保护活化感知""]",RUN-a31a13821d1641a1996c8c85ca1a2eb7,PLAN-b8e3d1cc70006201b7270b6d,49a31fc636b892d3400f722c768ad32d39498d20ef08dd1b884069eeb98c07c3,0,0,,zh,,b8e3d1cc70006201b7270b6d627d124f519c940b374bde1270dad4c3bb0fafff,,,,,"{""category"":""mixed"",""iteration_mode"":"""",""language"":""zh"",""place"":""北京路历史文化街区"",""platform"":"""",""polarity"":""neutral"",""retrieval_entry"":"""",""subject"":"""",""targets"":[""保护活化感知"",""生活文化延续""],""time_range"":"""",""tokens"":[""北京路历史文化街区"",""改造前后""]}",5aed1e50c71ee5cbf67601f09350a803e6ac62ea9a5b5c53c297b06be0dcf9b3,be223f2833a98d100b05288ffe1e8f8649c4f050109c60098a28ba92dba04156
北京路历史文化街区,Q033-b8e3d1cc70006201,北京路历史文化街区,政府 官网,北京路历史文化街区 政府 官网,"""北京路历史文化街区"" 政府 官网",neutral,官方身份、范围与开放信息,source_diversity,official,"[""历史文化感知"",""保护活化感知"",""承载治理体验""]",RUN-a31a13821d1641a1996c8c85ca1a2eb7,PLAN-b8e3d1cc70006201b7270b6d,49a31fc636b892d3400f722c768ad32d39498d20ef08dd1b884069eeb98c07c3,0,0,,zh,,b8e3d1cc70006201b7270b6d627d124f519c940b374bde1270dad4c3bb0fafff,,,,,"{""category"":""official"",""iteration_mode"":"""",""language"":""zh"",""place"":""北京路历史文化街区"",""platform"":"""",""polarity"":""neutral"",""retrieval_entry"":"""",""subject"":"""",""targets"":[""保护活化感知"",""历史文化感知"",""承载治理体验""],""time_range"":"""",""tokens"":[""北京路历史文化街区"",""政府"",""官网""]}",a26d1756069776de780371315f21918786f404ad470babadf096e6646d174add,ff00da349eb7faa66d5bd8b117f56279f41632023b83ad9dd2c46e45515cebbb
北京路历史文化街区,Q034-b8e3d1cc70006201,北京路历史文化街区,政府 开放数据,北京路历史文化街区 政府 开放数据,"""北京路历史文化街区"" 政府 开放数据",neutral,政府公开数据,source_diversity,government_open_data,"[""生活文化延续"",""保护活化感知"",""承载治理体验""]",RUN-a31a13821d1641a1996c8c85ca1a2eb7,PLAN-b8e3d1cc70006201b7270b6d,49a31fc636b892d3400f722c768ad32d39498d20ef08dd1b884069eeb98c07c3,0,0,,zh,,b8e3d1cc70006201b7270b6d627d124f519c940b374bde1270dad4c3bb0fafff,,,,,"{""category"":""government_open_data"",""iteration_mode"":"""",""language"":""zh"",""place"":""北京路历史文化街区"",""platform"":"""",""polarity"":""neutral"",""retrieval_entry"":"""",""subject"":"""",""targets"":[""保护活化感知"",""承载治理体验"",""生活文化延续""],""time_range"":"""",""tokens"":[""北京路历史文化街区"",""政府"",""开放数据""]}",6e450767204ada7dca14bb0aa85cf7b0f38d40c940871352b9a45c1d1906a736,5c006ffdb10e8558f505e1f6c0476f855ab0b36e60f83d51953067c46b6bfa76
北京路历史文化街区,Q035-b8e3d1cc70006201,北京路历史文化街区,文物 保护名录,北京路历史文化街区 文物 保护名录,"""北京路历史文化街区"" 文物 保护名录",neutral,遗产或保护名录,source_diversity,heritage_registry,"[""历史文化感知"",""保护活化感知""]",RUN-a31a13821d1641a1996c8c85ca1a2eb7,PLAN-b8e3d1cc70006201b7270b6d,49a31fc636b892d3400f722c768ad32d39498d20ef08dd1b884069eeb98c07c3,0,0,,zh,,b8e3d1cc70006201b7270b6d627d124f519c940b374bde1270dad4c3bb0fafff,,,,,"{""category"":""heritage_registry"",""iteration_mode"":"""",""language"":""zh"",""place"":""北京路历史文化街区"",""platform"":"""",""polarity"":""neutral"",""retrieval_entry"":"""",""subject"":"""",""targets"":[""保护活化感知"",""历史文化感知""],""time_range"":"""",""tokens"":[""北京路历史文化街区"",""文物"",""保护名录""]}",7c62374bdfa23fbcae9c1fd65a0b135b819db73829e492b83a745079f0e6937c,b10a97a5cc72a8f85d5f0b61008764d20efe6f34c259607dacdb96f503f8de0c
北京路历史文化街区,Q036-b8e3d1cc70006201,北京路历史文化街区,博物馆 场馆,北京路历史文化街区 博物馆 场馆,"""北京路历史文化街区"" 博物馆 场馆",neutral,场馆与文化机构,source_diversity,museum_venue,"[""历史文化感知"",""文化实践体验""]",RUN-a31a13821d1641a1996c8c85ca1a2eb7,PLAN-b8e3d1cc70006201b7270b6d,49a31fc636b892d3400f722c768ad32d39498d20ef08dd1b884069eeb98c07c3,0,0,,zh,,b8e3d1cc70006201b7270b6d627d124f519c940b374bde1270dad4c3bb0fafff,,,,,"{""category"":""museum_venue"",""iteration_mode"":"""",""language"":""zh"",""place"":""北京路历史文化街区"",""platform"":"""",""polarity"":""neutral"",""retrieval_entry"":"""",""subject"":"""",""targets"":[""历史文化感知"",""文化实践体验""],""time_range"":"""",""tokens"":[""北京路历史文化街区"",""博物馆"",""场馆""]}",98c8b5efa7597a65c20f49d98d7cd9035ed04a1a41d513e469b7ee7095712b48,0d826c5097f25e816d400dadc8c7998ba8fe602ef91abbb58e0da2c7802833c2
北京路历史文化街区,Q037-b8e3d1cc70006201,北京路历史文化街区,新闻 报道,北京路历史文化街区 新闻 报道,"""北京路历史文化街区"" 新闻 报道",neutral,新闻事件与社会关注,source_diversity,news,"[""生活文化延续"",""保护活化感知"",""承载治理体验""]",RUN-a31a13821d1641a1996c8c85ca1a2eb7,PLAN-b8e3d1cc70006201b7270b6d,49a31fc636b892d3400f722c768ad32d39498d20ef08dd1b884069eeb98c07c3,0,0,,zh,,b8e3d1cc70006201b7270b6d627d124f519c940b374bde1270dad4c3bb0fafff,,,,,"{""category"":""news"",""iteration_mode"":"""",""language"":""zh"",""place"":""北京路历史文化街区"",""platform"":"""",""polarity"":""neutral"",""retrieval_entry"":"""",""subject"":"""",""targets"":[""保护活化感知"",""承载治理体验"",""生活文化延续""],""time_range"":"""",""tokens"":[""北京路历史文化街区"",""新闻"",""报道""]}",8b2073e9d014a0f3548733508d4a4c9821fa5e0cc40d4cff0e398cd5f48a83a2,3417eec07ff0bae2fdf4ff1b3179ae437ec7955640106cb3db958e4332576006
北京路历史文化街区,Q038-b8e3d1cc70006201,北京路历史文化街区,规划 建筑 保护,北京路历史文化街区 规划 建筑 保护,"""北京路历史文化街区"" 规划 建筑 保护",neutral,规划、建筑与保护专业资料,source_diversity,professional,"[""历史文化感知"",""保护活化感知""]",RUN-a31a13821d1641a1996c8c85ca1a2eb7,PLAN-b8e3d1cc70006201b7270b6d,49a31fc636b892d3400f722c768ad32d39498d20ef08dd1b884069eeb98c07c3,0,0,,zh,,b8e3d1cc70006201b7270b6d627d124f519c940b374bde1270dad4c3bb0fafff,,,,,"{""category"":""professional"",""iteration_mode"":"""",""language"":""zh"",""place"":""北京路历史文化街区"",""platform"":"""",""polarity"":""neutral"",""retrieval_entry"":"""",""subject"":"""",""targets"":[""保护活化感知"",""历史文化感知""],""time_range"":"""",""tokens"":[""北京路历史文化街区"",""规划"",""建筑"",""保护""]}",f11dbce8e4fbfb208bb0d3c8420d8179ca51c9a60f8c9feec520ad4650eb2906,2e4e553a7aeb390955c137a20489ddc4c0726e8633d0258a64970c83aa639658
北京路历史文化街区,Q039-b8e3d1cc70006201,北京路历史文化街区,论文 研究,北京路历史文化街区 论文 研究,"""北京路历史文化街区"" 论文 研究",neutral,学术研究,source_diversity,academic,"[""历史文化感知"",""生活文化延续"",""保护活化感知""]",RUN-a31a13821d1641a1996c8c85ca1a2eb7,PLAN-b8e3d1cc70006201b7270b6d,49a31fc636b892d3400f722c768ad32d39498d20ef08dd1b884069eeb98c07c3,0,0,,zh,,b8e3d1cc70006201b7270b6d627d124f519c940b374bde1270dad4c3bb0fafff,,,,,"{""category"":""academic"",""iteration_mode"":"""",""language"":""zh"",""place"":""北京路历史文化街区"",""platform"":"""",""polarity"":""neutral"",""retrieval_entry"":"""",""subject"":"""",""targets"":[""保护活化感知"",""历史文化感知"",""生活文化延续""],""time_range"":"""",""tokens"":[""北京路历史文化街区"",""论文"",""研究""]}",1a11d16ba07d523a03cec0e384390128cdef94c9753ecb060dd27370d7148a90,2d8abde54103c86dcd275a213333aab93dc2e52b3435a5ddc3587f2ac6f818f2
北京路历史文化街区,Q040-b8e3d1cc70006201,北京路历史文化街区,百科 历史,北京路历史文化街区 百科 历史,"""北京路历史文化街区"" 百科 历史",neutral,百科与交叉核验,source_diversity,encyclopedic,"[""历史文化感知"",""在地文化特征""]",RUN-a31a13821d1641a1996c8c85ca1a2eb7,PLAN-b8e3d1cc70006201b7270b6d,49a31fc636b892d3400f722c768ad32d39498d20ef08dd1b884069eeb98c07c3,0,0,,zh,,b8e3d1cc70006201b7270b6d627d124f519c940b374bde1270dad4c3bb0fafff,,,,,"{""category"":""encyclopedic"",""iteration_mode"":"""",""language"":""zh"",""place"":""北京路历史文化街区"",""platform"":"""",""polarity"":""neutral"",""retrieval_entry"":"""",""subject"":"""",""targets"":[""历史文化感知"",""在地文化特征""],""time_range"":"""",""tokens"":[""北京路历史文化街区"",""百科"",""历史""]}",91aefbe5fa2f6cf822447cdf48e1513f278a611a4728ab8e9a7b104b0603509e,60be806d360be5b280f6c5ec9812e73c606b942bd27912df27713e5e01d6af7d
北京路历史文化街区,Q041-b8e3d1cc70006201,北京路历史文化街区,游客 评价,北京路历史文化街区 游客 评价,"""北京路历史文化街区"" 游客 评价",neutral,公开用户评价，不限定大众点评或小红书,source_diversity,user_review,"[""文化实践体验"",""场所氛围体验"",""承载治理体验""]",RUN-a31a13821d1641a1996c8c85ca1a2eb7,PLAN-b8e3d1cc70006201b7270b6d,49a31fc636b892d3400f722c768ad32d39498d20ef08dd1b884069eeb98c07c3,0,0,,zh,,b8e3d1cc70006201b7270b6d627d124f519c940b374bde1270dad4c3bb0fafff,,,,,"{""category"":""user_review"",""iteration_mode"":"""",""language"":""zh"",""place"":""北京路历史文化街区"",""platform"":"""",""polarity"":""neutral"",""retrieval_entry"":"""",""subject"":"""",""targets"":[""场所氛围体验"",""承载治理体验"",""文化实践体验""],""time_range"":"""",""tokens"":[""北京路历史文化街区"",""游客"",""评价""]}",aeb048a91ecbe8f309bba173eb22d03eeaa2e5b97e45e23d30c4e2a9d3f4a326,fbf1f19776cde5a948c3738daefcbf93387709bd876f35b4a45b2205efe0b4d5
北京路历史文化街区,Q042-b8e3d1cc70006201,北京路历史文化街区,地图 评价,北京路历史文化街区 地图 评价,"""北京路历史文化街区"" 地图 评价",neutral,地图平台公开体验,source_diversity,map_review,"[""场所氛围体验"",""承载治理体验""]",RUN-a31a13821d1641a1996c8c85ca1a2eb7,PLAN-b8e3d1cc70006201b7270b6d,49a31fc636b892d3400f722c768ad32d39498d20ef08dd1b884069eeb98c07c3,0,0,,zh,,b8e3d1cc70006201b7270b6d627d124f519c940b374bde1270dad4c3bb0fafff,,,,,"{""category"":""map_review"",""iteration_mode"":"""",""language"":""zh"",""place"":""北京路历史文化街区"",""platform"":"""",""polarity"":""neutral"",""retrieval_entry"":"""",""subject"":"""",""targets"":[""场所氛围体验"",""承载治理体验""],""time_range"":"""",""tokens"":[""北京路历史文化街区"",""地图"",""评价""]}",f9a1370edb9cfbf793eac8efdee01404b9e2c227a248fca09057433660b3113a,6f7336b30a74df7c54b1b51731bcad1309f85072b61b57cc48ad2501f3fd39f0
北京路历史文化街区,Q043-b8e3d1cc70006201,北京路历史文化街区,游记 攻略,北京路历史文化街区 游记 攻略,"""北京路历史文化街区"" 游记 攻略",neutral,旅游平台与旅行社区,source_diversity,travel_ugc,"[""历史文化感知"",""文化实践体验"",""场所氛围体验""]",RUN-a31a13821d1641a1996c8c85ca1a2eb7,PLAN-b8e3d1cc70006201b7270b6d,49a31fc636b892d3400f722c768ad32d39498d20ef08dd1b884069eeb98c07c3,0,0,,zh,,b8e3d1cc70006201b7270b6d627d124f519c940b374bde1270dad4c3bb0fafff,,,,,"{""category"":""travel_ugc"",""iteration_mode"":"""",""language"":""zh"",""place"":""北京路历史文化街区"",""platform"":"""",""polarity"":""neutral"",""retrieval_entry"":"""",""subject"":"""",""targets"":[""历史文化感知"",""场所氛围体验"",""文化实践体验""],""time_range"":"""",""tokens"":[""北京路历史文化街区"",""游记"",""攻略""]}",4fdfca86e8b3dd6ceda7e9374824eefc8300152d643b78aa43d0fee324dc676a,1ca50273dfef8d289212720a934158f820f0c097c2988c5c63d900134a8cc33a
北京路历史文化街区,Q044-b8e3d1cc70006201,北京路历史文化街区,微博 抖音 哔哩哔哩 知乎,北京路历史文化街区 微博 抖音 哔哩哔哩 知乎,"""北京路历史文化街区"" 微博 抖音 哔哩哔哩 知乎",neutral,公开社交和内容平台,source_diversity,social_content,"[""在地文化特征"",""文化实践体验"",""场所氛围体验""]",RUN-a31a13821d1641a1996c8c85ca1a2eb7,PLAN-b8e3d1cc70006201b7270b6d,49a31fc636b892d3400f722c768ad32d39498d20ef08dd1b884069eeb98c07c3,0,0,,zh,,b8e3d1cc70006201b7270b6d627d124f519c940b374bde1270dad4c3bb0fafff,,,,,"{""category"":""social_content"",""iteration_mode"":"""",""language"":""zh"",""place"":""北京路历史文化街区"",""platform"":"""",""polarity"":""neutral"",""retrieval_entry"":"""",""subject"":"""",""targets"":[""在地文化特征"",""场所氛围体验"",""文化实践体验""],""time_range"":"""",""tokens"":[""北京路历史文化街区"",""微博"",""抖音"",""哔哩哔哩"",""知乎""]}",d4ec0fafd5753db3bfc9898514d1125c33695a7151ae652b0e33adc3885ef7a1,0bfc75609a076e758434aa3160d15f42e20e0da8ce13434487e5b216f34fd184
北京路历史文化街区,Q045-b8e3d1cc70006201,北京路历史文化街区,博客 公众号 游记,北京路历史文化街区 博客 公众号 游记,"""北京路历史文化街区"" 博客 公众号 游记",neutral,博客与长篇体验,source_diversity,blog_travel,"[""历史文化感知"",""在地文化特征"",""场所氛围体验""]",RUN-a31a13821d1641a1996c8c85ca1a2eb7,PLAN-b8e3d1cc70006201b7270b6d,49a31fc636b892d3400f722c768ad32d39498d20ef08dd1b884069eeb98c07c3,0,0,,zh,,b8e3d1cc70006201b7270b6d627d124f519c940b374bde1270dad4c3bb0fafff,,,,,"{""category"":""blog_travel"",""iteration_mode"":"""",""language"":""zh"",""place"":""北京路历史文化街区"",""platform"":"""",""polarity"":""neutral"",""retrieval_entry"":"""",""subject"":"""",""targets"":[""历史文化感知"",""在地文化特征"",""场所氛围体验""],""time_range"":"""",""tokens"":[""北京路历史文化街区"",""博客"",""公众号"",""游记""]}",136e48ff9c8a504d7b39dfec39fec71c13d88f7672438447da3ee96391403f00,5bd7ea51fb9f0e152cd5705aeae4f4a752781379ba83869e248b3ecddbe2b93c
北京路历史文化街区,Q046-b8e3d1cc70006201,北京路历史文化街区,论坛 讨论,北京路历史文化街区 论坛 讨论,"""北京路历史文化街区"" 论坛 讨论",neutral,地方论坛和公共讨论,source_diversity,local_forum,"[""生活文化延续"",""承载治理体验""]",RUN-a31a13821d1641a1996c8c85ca1a2eb7,PLAN-b8e3d1cc70006201b7270b6d,49a31fc636b892d3400f722c768ad32d39498d20ef08dd1b884069eeb98c07c3,0,0,,zh,,b8e3d1cc70006201b7270b6d627d124f519c940b374bde1270dad4c3bb0fafff,,,,,"{""category"":""local_forum"",""iteration_mode"":"""",""language"":""zh"",""place"":""北京路历史文化街区"",""platform"":"""",""polarity"":""neutral"",""retrieval_entry"":"""",""subject"":"""",""targets"":[""承载治理体验"",""生活文化延续""],""time_range"":"""",""tokens"":[""北京路历史文化街区"",""论坛"",""讨论""]}",5ea180a965baaa1141a74fc93f825edaf3220a3e291dd282ab5008bfdf0b6ff6,3857b0569392554a37e9fc706f633d646020f58eec24fb5bba52a904a628be02
北京路历史文化街区,Q047-b8e3d1cc70006201,北京路历史文化街区,居民 社区 生活,北京路历史文化街区 居民 社区 生活,"""北京路历史文化街区"" 居民 社区 生活",neutral,居民和社区生活,source_diversity,community_content,"[""在地文化特征"",""生活文化延续"",""承载治理体验""]",RUN-a31a13821d1641a1996c8c85ca1a2eb7,PLAN-b8e3d1cc70006201b7270b6d,49a31fc636b892d3400f722c768ad32d39498d20ef08dd1b884069eeb98c07c3,0,0,,zh,,b8e3d1cc70006201b7270b6d627d124f519c940b374bde1270dad4c3bb0fafff,,,,,"{""category"":""community_content"",""iteration_mode"":"""",""language"":""zh"",""place"":""北京路历史文化街区"",""platform"":"""",""polarity"":""neutral"",""retrieval_entry"":"""",""subject"":"""",""targets"":[""在地文化特征"",""承载治理体验"",""生活文化延续""],""time_range"":"""",""tokens"":[""北京路历史文化街区"",""居民"",""社区"",""生活""]}",395f3d2dc8f5f69eb8d3207c07bd87a5656a19a2929a0426720b3bf26364a8d7,3d31c08653bf800947d52d8219c243849930a4358543f55798e42324e429435c
北京路历史文化街区,Q048-b8e3d1cc70006201,北京路历史文化街区,地址 开放时间 电话,北京路历史文化街区 地址 开放时间 电话,"""北京路历史文化街区"" 地址 开放时间 电话",neutral,目录与基础信息交叉核验,source_diversity,business_directory,"[""保护活化感知"",""承载治理体验""]",RUN-a31a13821d1641a1996c8c85ca1a2eb7,PLAN-b8e3d1cc70006201b7270b6d,49a31fc636b892d3400f722c768ad32d39498d20ef08dd1b884069eeb98c07c3,0,0,,zh,,b8e3d1cc70006201b7270b6d627d124f519c940b374bde1270dad4c3bb0fafff,,,,,"{""category"":""business_directory"",""iteration_mode"":"""",""language"":""zh"",""place"":""北京路历史文化街区"",""platform"":"""",""polarity"":""neutral"",""retrieval_entry"":"""",""subject"":"""",""targets"":[""保护活化感知"",""承载治理体验""],""time_range"":"""",""tokens"":[""北京路历史文化街区"",""地址"",""开放时间"",""电话""]}",2935f3d64b3e2fad6453927d29d62c241c344553d557875c4992abeb188dea16,9cf67a50929581bc5dd6d2a2ffec87f69c88a3efccde0c662db5c3ae9959e51a
